{"cameraMode":{"drawMode":0,"name":"Shaded","section":"Shading Mode"},"sceneLighting":true,"audioPlay":false,"sceneViewState":{"showFog":false,"showMaterialUpdate":false,"showSkybox":true,"showFlares":false,"showImageEffects":false,"showParticleSystems":true},"in2DMode":false,"pivot":{"x":-0.7039545178413391,"y":0.5363022089004517,"z":0.7849721908569336},"rotation":{"x":-0.03299390524625778,"y":-0.002998409094288945,"z":-0.00009900131408357993,"w":0.9994518756866455},"size":6.0073957443237309,"orthographic":false}