{"cameraMode":{"drawMode":0,"name":"Shaded","section":"Shading Mode"},"sceneLighting":true,"audioPlay":false,"sceneViewState":{"showFog":false,"showMaterialUpdate":false,"showSkybox":true,"showFlares":false,"showImageEffects":false,"showParticleSystems":true},"in2DMode":false,"pivot":{"x":-10.231865882873536,"y":-9.408856391906739,"z":0.3890647888183594},"rotation":{"x":-0.3051412105560303,"y":0.5932051539421082,"z":-0.25917813181877139,"w":-0.6984641551971436},"size":22.884443283081056,"orthographic":false}